acc_x,acc_y,acc_z,lr_vel,lr_dir,ud_vel,ud_dir
3,-17,998,,,,
4,-15,981,,,,
0,-14,987,,,,
10,-17,996,,,,
9,-15,1003,,,,
5,-12,1000,,,,
9,-15,999,,,,
10,-16,993,,,,
4,-14,986,,,,
7,-17,995,,,,
4,-14,995,,,,
9,-15,1001,,,,
2,-15,1003,,,,
5,-15,992,,,,
5,-20,988,,,,
4,-15,997,,,,
6,-13,988,,,,
8,-16,996,,,,
10,-15,996,,,,
3,-15,1001,,,,
8,-16,1002,,,,
5,-10,998,,,,
8,-15,991,,,,
0,-13,995,,,,
6,-16,984,,,,
3,-15,995,,,,
7,-16,987,,,,
1,-16,996,,,,
2,-14,1001,,,,
5,-13,1002,,,,
9,-13,998,,,,
3,-17,991,,,,
3,-14,987,,,,
7,-13,991,,,,
6,-15,996,,,,
3,-15,1002,,,,
6,-14,997,,,,
3,-13,994,,,,
9,-17,996,,,,
5,-15,995,,,,
10,-15,996,,,,
10,-13,996,,,,
7,-14,1001,,,,
7,-19,999,,,,
7,-15,999,,,,
8,-15,994,,,,
6,-14,988,,,,
4,-14,992,,,,
8,-16,992,,,,
5,-15,995,,,,
5,-14,996,,,,
5,-14,1000,,,,
6,-15,995,,,,
3,-17,997,,,,
5,-14,992,,,,
6,-15,995,,,,
7,-15,994,,,,
5,-15,994,,,,
4,-17,995,,,,
6,-15,1000,,,,
8,-13,994,,,,
8,-15,997,,,,
6,-15,995,,,,
2,-13,994,,,,
7,-13,995,,,,
9,-15,995,,,,
8,-16,997,,,,
5,-11,995,,,,
10,-14,997,,,,
7,-15,996,,,,
9,-11,996,,,,
4,-13,995,,,,
7,-15,996,,,,
4,-14,994,,,,
5,-17,997,,,,
7,-16,997,,,,
5,-15,1001,,,,
6,-13,996,,,,
8,-16,996,,,,
9,-17,991,,,,
7,-12,994,,,,
7,-14,994,,,,
2,-10,994,,,,
5,-15,997,,,,
6,-16,1000,,,,
8,-15,999,,,,
8,-18,998,,,,
6,-16,999,,,,
7,-14,997,,,,
7,-14,997,,,,
5,-12,997,,,,
5,-15,996,,,,
6,-17,996,,,,
1,-15,993,,,,
5,-15,992,,,,
5,-15,994,,,,
6,-13,990,,,,
6,-16,989,,,,
8,-14,995,,,,
8,-16,1003,,,,
7,-17,1001,,,,
4,-14,1002,,,,
5,-13,994,,,,
8,-15,992,,,,
6,-15,989,,,,
9,-13,990,,,,
6,-13,995,,,,
10,-11,989,,,,
5,-14,986,,,,
7,-14,998,,,,
11,-15,998,,,,
8,-14,1003,,,,
4,-16,995,,,,
6,-18,992,,,,
9,-16,994,,,,
4,-13,995,,,,
4,-14,991,,,,
4,-14,998,,,,
2,-16,998,,,,
7,-12,995,,,,
4,-15,995,,,,
6,-15,994,,,,
3,-14,998,,,,
6,-17,997,,,,
4,-12,996,,,,
9,-12,995,,,,
7,-10,997,,,,
3,-13,997,,,,
4,-16,994,,,,
5,-15,998,,,,
7,-17,997,,,,
5,-16,995,,,,
7,-19,996,,,,
7,-17,994,,,,
5,-15,995,,,,
5,-15,989,,,,
8,-17,998,,,,
2,-18,997,,,,
7,-16,995,,,,
6,-15,996,,,,
10,-17,995,,,,
4,-15,997,,,,
4,-19,1001,,,,
6,-14,997,,,,
8,-15,997,,,,
6,-16,988,,,,
5,-13,986,,,,
8,-15,994,,,,
6,-13,1000,,,,
8,-16,1009,,,,
9,-18,1003,,,,
6,-13,994,,,,
8,-15,987,,,,
5,-15,990,,,,
6,-14,995,,,,
8,-16,996,,,,
2,-15,994,,,,
7,-16,1001,,,,
10,-11,992,,,,
7,-13,1002,,,,
9,-15,1001,,,,
5,-15,993,,,,
5,-15,991,,,,
6,-13,986,,,,
5,-12,994,,,,
4,-14,998,,,,
7,-14,1000,,,,
3,-15,1005,,,,
7,-16,995,,,,
6,-17,996,,,,
3,-17,991,,,,
10,-17,1000,,,,
5,-16,995,,,,
7,-16,999,,,,
8,-13,997,,,,
5,-18,994,,,,
5,-15,994,,,,
7,-13,995,,,,
7,-14,998,,,,
3,-17,997,,,,
5,-14,1002,,,,
5,-15,1002,,,,
8,-12,997,,,,
7,-17,995,,,,
6,-13,992,,,,
12,-15,995,,,,
8,-11,997,,,,
4,-16,994,,,,
4,-14,996,,,,
9,-14,993,,,,
4,-16,996,,,,
7,-11,996,,,,
5,-15,998,,,,
6,-15,1001,,,,
5,-14,994,,,,
4,-14,1000,,,,
5,-15,992,,,,
3,-15,996,,,,
8,-14,995,,,,
6,-15,992,,,,
8,-13,1001,,,,
8,-15,995,,,,
3,-15,998,,,,
8,-14,993,,,,
4,-17,1000,,,,
7,-17,995,,,,
1,-18,996,,,,
4,-14,993,,,,
10,-14,995,,,,
4,-16,1000,,,,
7,-16,1003,,,,
6,-15,999,,,,
2,-17,998,,,,
8,-13,994,,,,
5,-14,991,,,,
7,-15,996,,,,
5,-16,994,,,,
5,-13,999,,,,
7,-17,1000,,,,
4,-14,993,,,,
4,-16,1001,,,,
7,-14,993,,,,
6,-13,996,,,,
2,-13,1000,,,,
7,-16,995,,,,
3,-14,994,,,,
4,-15,990,,,,
5,-14,995,,,,
5,-15,1001,,,,
6,-13,998,,,,
8,-15,995,,,,
5,-16,995,,,,
4,-16,997,,,,
8,-16,996,,,,
1,-17,1000,,,,
5,-19,998,,,,
6,-15,995,,,,
7,-15,996,,,,
10,-17,995,,,,
8,-17,996,,,,
6,-16,997,,,,
8,-16,993,,,,
6,-13,998,,,,
6,-16,995,,,,
4,-15,1001,,,,
8,-11,995,,,,
4,-13,996,,,,
6,-14,996,,,,
9,-13,997,,,,
7,-8,996,,,,
4,-13,994,,,,
5,-16,998,,,,
5,-12,998,,,,
2,-14,996,,,,
4,-13,997,,,,
6,-14,999,,,,
8,-13,996,,,,
7,-17,998,,,,
4,-17,994,,,,
10,-17,996,,,,
3,-15,995,,,,
7,-14,995,,,,
8,-16,994,,,,
7,-14,1000,,,,
6,-15,997,,,,
6,-16,998,,,,
8,-14,994,,,,
4,-15,996,,,,
5,-17,995,,,,
10,-13,997,,,,
5,-16,996,,,,
3,-13,997,,,,
6,-16,999,,,,
2,-12,993,,,,
7,-18,996,,,,
6,-13,999,,,,
6,-15,997,,,,
6,-16,1000,,,,
6,-16,996,,,,
7,-14,996,,,,
3,-11,995,,,,
5,-13,995,,,,
3,-14,997,,,,
5,-16,996,,,,
3,-15,997,,,,
5,-12,997,,,,
3,-19,997,,,,
8,-14,999,,,,
5,-12,996,,,,
3,-16,994,,,,
8,-17,1000,,,,
5,-15,996,,,,
7,-12,994,,,,
3,-16,995,,,,
9,-15,994,,,,
4,-17,995,,,,
10,-12,996,,,,
6,-16,998,,,,
6,-15,999,,,,
7,-16,998,,,,
6,-14,996,,,,
6,-13,999,,,,
5,-18,999,,,,
6,-14,997,,,,
6,-14,996,,,,
5,-16,995,,,,
9,-15,1000,,,,
5,-19,993,,,,
6,-16,995,,,,
6,-14,994,,,,
4,-14,996,,,,
7,-14,996,,,,
5,-19,994,,,,
5,-12,996,,,,
5,-14,998,,,,
5,-14,996,,,,
6,-15,998,,,,
5,-13,996,,,,
5,-15,996,,,,
8,-17,994,,,,
6,-15,991,,,,
6,-15,999,,,,
6,-15,997,,,,
8,-13,997,,,,
5,-12,996,,,,
4,-17,996,,,,
6,-15,1002,,,,
7,-12,999,,,,
7,-15,1001,,,,
6,-16,999,,,,
7,-15,997,,,,
5,-12,1001,,,,
9,-15,996,,,,
5,-11,996,,,,
5,-15,999,,,,
8,-18,997,,,,
5,-16,996,,,,
5,-13,996,,,,
8,-14,996,,,,
5,-16,991,,,,
7,-14,1000,,,,
6,-16,998,,,,
5,-16,996,,,,
2,-14,996,,,,
6,-16,994,,,,
6,-18,1001,,,,
6,-15,995,,,,
4,-19,991,,,,
5,-13,1004,,,,
1,-15,989,,,,
9,-15,1005,,,,
2,-19,997,,,,
2,-14,994,,,,
6,-17,992,,,,
11,-13,1010,,,,
-4,-16,990,,,,
2,-18,996,,,,
17,-8,998,,,,
-1,-15,989,,,,
16,-15,1003,,,,
-3,-15,991,,,,
16,-15,1000,,,,
-9,-12,988,,,,
0,-14,1004,,,,
-44,-26,991,,,,
-211,-29,875,,,,
-191,-40,1100,,,,
-237,-37,931,,,,
-223,-29,1065,,,,
-219,-29,957,,,,
-162,-22,1051,,,,
-141,-10,978,,,,
-86,-2,1050,,,,
-36,0,1026,,,,
-6,0,1001,,,,
17,-8,1050,,,,
78,-6,1030,,,,
65,-6,839,,,,
48,-14,963,,,,
47,-20,931,,,,
43,-22,1029,,,,
33,-24,1040,,,,
46,-30,1011,,,,
36,-33,933,,,,
58,-23,1057,,,,
45,-38,942,,,,
31,-48,1018,,,,
54,-30,1032,,,,
61,-29,1012,,,,
40,-34,958,,,,
37,-42,993,,,,
38,-53,982,,,,
13,-46,976,,,,
-11,-60,1016,,,,
-17,-66,984,,,,
-39,-65,1014,,,,
-31,-61,1030,,,,
-53,-64,959,,,,
-50,-56,1080,,,,
-65,-62,914,,,,
-69,-62,935,,,,
-62,-62,1107,,,,
-80,-86,900,,,,
-58,-82,1134,,,,
-49,-92,889,,,,
-24,-79,1010,,,,
-26,-81,950,,,,
-17,-66,1045,,,,
-5,-58,918,,,,
5,-38,1033,,,,
0,-29,859,,,,
0,-20,923,,,,
-7,-19,988,,,,
-7,-8,986,,,,
-8,2,946,,,,
-26,42,949,,,,
25,82,1013,,,,
19,96,841,,,,
88,114,1109,,,,
76,96,880,,,,
88,49,1118,,,,
94,26,972,,,,
113,11,1065,,,,
73,-20,983,,,,
67,-77,1016,,,,
31,-103,1005,,,,
22,-130,943,,,,
-8,-120,1069,,,,
-25,-68,1013,,,,
-31,-54,1148,,,,
-27,-63,928,,,,
-10,-45,994,,,,
4,-57,950,,,,
26,-55,1013,,,,
57,-53,1042,,,,
47,-53,948,,,,
36,-67,961,,,,
51,-61,1088,,,,
35,-63,872,,,,
55,-40,963,,,,
82,-26,1062,,,,
93,-37,865,,,,
104,-20,1111,,,,
107,-15,961,,,,
113,3,944,,,,
99,7,1009,,,,
94,6,933,,,,
78,24,927,,,,
68,65,1057,,,,
80,76,927,,,,
42,106,1079,,,,
12,123,983,,,,
10,135,952,,,,
17,151,1018,,,,
20,146,978,,,,
21,130,983,,,,
47,135,995,,,,
45,137,996,,,,
-3,115,1011,,,,
22,-61,1031,,,,
22,-47,943,,,,
-26,-9,1005,,,,
39,-5,1009,,,,
-8,-12,990,,,,
11,-24,973,,,,
3,-18,1009,,,,
-2,-3,993,,,,
33,-8,998,,,,
44,15,994,,,,
49,20,990,,,,
54,29,1008,,,,
62,33,1000,,,,
73,34,1001,,,,
73,41,983,,,,
79,39,991,,,,
78,36,1006,,,,
66,36,998,,,,
58,39,1012,,,,
62,23,1014,,,,
54,23,993,,,,
52,14,976,,,,
47,20,994,,,,
42,14,1017,,,,
33,14,1002,,,,
41,7,968,,,,
48,0,969,,,,
34,5,982,,,,
18,14,1006,,,,
18,6,1031,,,,
16,8,973,,,,
43,-9,998,,,,
33,-12,982,,,,
4,-1,991,,,,
-1,-18,972,,,,
5,-26,1005,,,,
4,-12,1006,,,,
6,-6,996,,,,
20,-6,1002,,,,
14,-15,979,,,,
18,-13,997,,,,
11,-5,1007,,,,
4,-7,1022,,,,
12,-7,983,,,,
13,-16,989,,,,
3,-25,988,,,,
10,-14,1021,,,,
-3,-18,1001,,,,
-9,-15,1001,,,,
-11,-15,1020,,,,
0,-28,978,,,,
-1,-52,992,,,,
-27,-31,975,,,,
-32,-32,886,,,,
-19,-79,1055,,,,
-40,-35,982,,,,
-32,-55,1006,,,,
-37,-34,1035,,,,
-48,-7,1026,,,,
-16,-53,981,,,,
-1,-55,923,,,,
-5,-39,1015,,,,
-55,-6,999,,,,
-30,-58,976,,,,
-26,-53,1067,,,,
-13,-33,996,,,,
8,-58,1022,,,,
-39,-21,987,,,,
-40,-40,1011,,,,
-33,-57,988,,,,
-32,-40,1030,,,,
-21,-55,974,,,,
-23,-56,1000,,,,
-35,-33,976,,,,
-38,-52,1008,,,,
-33,-48,959,,,,
-34,-50,1023,,,,
-35,-47,982,,,,
-36,-55,1014,,,,
-43,-53,992,,,,
-16,-13,1047,,,,
18,12,1001,,,,
11,-35,962,,,,
8,-2,988,,,,
20,-13,952,,,,
8,-26,971,,,,
13,-19,1036,,,,
7,-23,1025,,,,
59,-61,1015,,,,
75,-50,1003,,,,
67,-59,960,,,,
55,-35,967,,,,
34,-9,1006,,,,
31,-2,974,,,,
21,-4,998,,,,
20,0,965,,,,
5,5,1005,,,,
14,5,993,,,,
7,11,1033,,,,
3,5,979,,,,
-23,5,1012,,,,
-16,10,947,,,,
6,5,1006,,,,
3,0,988,,,,
-2,2,1027,,,,
-28,2,1006,,,,
-34,-6,981,,,,
-31,-15,991,,,,
-20,-14,986,,,,
-14,-16,1013,,,,
-2,-19,994,,,,
2,-10,1024,,,,
16,-5,986,,,,
25,-1,1004,,,,
49,4,978,,,,
41,3,995,,,,
47,10,1001,,,,
55,18,1001,,,,
55,35,1002,,,,
70,42,1015,,,,
88,45,1023,,,,
79,47,986,,,,
54,45,1042,,,,
70,49,965,,,,
53,52,1078,,,,
60,66,937,,,,
38,49,1086,,,,
78,43,910,,,,
86,56,1064,,,,
104,56,955,,,,
107,42,1046,,,,
125,46,986,,,,
104,61,1086,,,,
133,62,1025,,,,
121,62,947,,,,
137,49,1103,,,,
163,73,843,,,,
121,95,1163,,,,
169,84,799,,,,
207,70,1022,,,,
182,78,938,,,,
213,54,785,,,,
194,49,1045,,,,
223,67,1070,,,,
244,27,1405,,,,
178,13,1293,,,,
157,29,1071,,,,
103,2,1499,,,,
197,-24,800,,,,
105,-35,1283,,,,
114,2,645,,,,
69,4,1022,,,,
15,0,899,,,,
-4,-13,908,,,,
57,-61,1227,,,,
6,-21,941,,,,
-75,-25,1600,,,,
29,-48,946,,,,
21,-47,1887,,,,
32,-84,335,,,,
-92,-88,1054,,,,
-87,-83,486,,,,
-103,-84,918,,,,
-69,-77,941,,,,
-99,-82,1139,,,,
-108,-91,947,,,,
-98,-57,586,,,,
-142,-104,1149,,,,
-52,-113,457,,,,
-146,-103,1328,,,,
-90,-89,653,,,,
-189,-83,1430,,,,
-106,-83,656,,,,
-221,-59,1462,,,,
-192,-61,546,,,,
-218,-44,1242,,,,
-176,-63,828,,,,
-216,-72,1203,,,,
-205,-95,965,,,,
-207,-107,930,,,,
-224,-109,1015,,,,
-195,-119,816,,,,
-231,-120,1112,,,,
-179,-101,879,,,,
-164,-99,1120,,,,
-147,-67,931,,,,
-145,-48,1039,,,,
-108,-2,1020,,,,
27,-31,986,,,,
57,-13,979,,,,
-56,-13,993,,,,
72,-18,1012,,,,
-19,-2,964,,,,
26,29,1006,,,,
37,78,1006,,,,
49,92,968,,,,
52,106,1019,,,,
54,84,1013,,,,
47,84,960,,,,
55,76,1021,,,,
58,85,975,,,,
65,73,1000,,,,
36,49,1016,,,,
28,45,982,,,,
51,29,952,,,,
24,23,1034,,,,
-3,0,1014,,,,
3,0,1000,,,,
-11,7,970,,,,
-17,22,1009,,,,
-10,11,1038,,,,
-43,26,1037,,,,
-29,-6,942,,,,
-33,-7,973,,,,
-30,2,1072,,,,
-49,-9,989,,,,
-45,5,878,,,,
-56,-5,1033,,,,
-33,-29,1105,,,,
-44,5,1029,,,,
-58,5,886,,,,
-43,-19,888,,,,
-50,-36,911,,,,
-19,-9,951,,,,
4,-24,1045,,,,
19,-12,990,,,,
10,-1,884,,,,
3,-11,1052,,,,
21,-23,1020,,,,
48,-25,974,,,,
42,-31,973,,,,
48,-11,1031,,,,
61,-23,980,,,,
28,-39,991,,,,
34,-49,1012,,,,
57,-39,1002,,,,
46,-69,1014,,,,
18,-72,954,,,,
-3,-96,962,,,,
-23,-107,1044,,,,
-66,-81,991,,,,
-58,-87,943,,,,
-64,-91,1048,,,,
-61,-79,987,,,,
-55,-99,998,,,,
-51,-120,980,,,,
-23,-143,1033,,,,
-28,-140,1012,,,,
-25,-160,1029,,,,
-10,-192,998,,,,
15,-191,1032,,,,
20,-178,998,,,,
-5,-152,950,,,,
7,-154,961,,,,
1,-104,1010,,,,
6,-105,992,,,,
29,-105,974,,,,
46,-98,1002,,,,
68,-72,997,,,,
33,-16,941,,,,
22,1,975,,,,
37,8,1028,,,,
23,5,970,,,,
0,-16,1037,,,,
9,-10,1010,,,,
27,-16,974,,,,
22,-27,1016,,,,
54,-70,1038,,,,
9,-13,984,,,,
32,-43,993,,,,
24,-60,1032,,,,
25,-70,970,,,,
22,-78,1030,,,,
33,-104,979,,,,
28,-102,968,,,,
0,-31,1051,,,,
-30,-23,1010,,,,
-35,-30,953,,,,
-82,-45,1014,,,,
-146,-40,1025,,,,
-138,-73,989,,,,
-139,-78,1042,,,,
-166,-65,854,,,,
-153,-67,1082,,,,
-165,-61,881,,,,
-124,-29,1069,,,,
-66,13,957,,,,
-31,16,960,,,,
-51,39,1010,,,,
-38,25,1028,,,,
-76,8,962,,,,
-76,18,949,,,,
-55,-40,1006,,,,
-70,-12,973,,,,
-15,-28,1091,,,,
-4,36,1018,,,,
17,-12,994,,,,
-8,-65,912,,,,
-1,-41,950,,,,
-11,-34,992,,,,
-7,-6,1049,,,,
-50,-48,967,,,,
18,-9,928,,,,
20,-2,1167,,,,
11,21,984,,,,
74,-2,1077,,,,
-57,26,900,,,,
53,-14,1047,,,,
-5,49,1167,,,,
49,-29,764,,,,
29,-17,994,,,,
-14,17,812,,,,
96,-4,1045,,,,
32,83,888,,,,
142,112,1066,,,,
153,118,1001,,,,
4,3,1094,,,,
22,27,955,,,,
76,46,1029,,,,
95,59,984,,,,
114,54,935,,,,
117,71,1004,,,,
27,35,1016,,,,
44,38,967,,,,
65,26,1007,,,,
50,16,1017,,,,
69,54,1018,,,,
40,15,978,,,,
48,14,1033,,,,
18,23,975,,,,
34,-7,1026,,,,
33,20,989,,,,
48,25,1040,,,,
70,24,995,,,,
55,55,944,,,,
35,27,1029,,,,
36,15,987,,,,
47,12,998,,,,
21,22,987,,,,
37,2,984,,,,
60,28,1006,,,,
35,30,981,,,,
41,27,992,,,,
51,5,997,,,,
40,33,999,,,,
40,17,1005,,,,
26,13,991,,,,
20,4,1011,,,,
13,-7,998,,,,
54,-67,1001,,,,
-33,26,1009,,,,
-5,-29,988,,,,
-11,-20,1006,,,,
-8,-37,971,,,,
-7,-32,1006,,,,
-12,-29,996,,,,
-1,-20,990,,,,
-2,-18,1003,,,,
-8,-24,990,,,,
-9,-26,1011,,,,
-63,-19,994,,,,
-86,-30,1006,,,,
-77,-36,997,,,,
-76,-31,981,,,,
-44,-23,1021,,,,
-61,-16,990,,,,
-56,-16,996,,,,
-74,-23,986,,,,
-76,-20,976,,,,
-97,-24,1007,,,,
-155,-30,956,,,,
-166,-36,1059,,,,
-145,-35,922,,,,
-109,-15,1032,,,,
-94,-12,964,,,,
-66,-20,1012,,,,
-84,-8,993,,,,
-97,-6,1008,,,,
-84,-14,964,,,,
-82,-15,1069,,,,
-76,-5,1023,,,,
-92,-8,1034,,,,
-94,-30,988,,,,
-84,-18,1036,,,,
-89,-29,953,,,,
-89,-25,965,,,,
-91,-25,966,,,,
-104,-37,926,,,,
-182,-23,1129,,,,
-200,-20,715,,,,
-87,-17,1070,,,,
-70,-13,839,,,,
-70,-18,1050,,,,
-87,-5,855,,,,
-94,-1,1042,,,,
-125,-11,908,,,,
-127,-13,1123,,,,
-196,-2,947,,,,
-159,-5,1092,,,,
-186,12,960,,,,
-136,7,1172,,,,
-130,19,1163,,,,
-124,3,943,,,,
-97,35,966,,,,
-164,33,741,,,,
-106,12,1139,,,,
-162,10,522,,,,
-153,23,1049,,,,
-216,0,790,,,,
-173,13,810,,,,
-186,19,1077,,,,
-182,18,1587,,,,
-196,7,707,,,,
-143,36,1337,,,,
-130,30,766,,,,
-140,25,960,,,,
-142,49,1420,,,,
-162,49,965,,,,
-136,20,863,,,,
-140,25,1062,,,,
-158,58,945,,,,
-132,47,415,,,,
-177,34,1797,,,,
-146,14,592,,,,
-129,27,1272,,,,
-155,-8,-31,,,,
-108,48,1097,,,,
-165,50,1191,,,,
-159,48,1786,,,,
-168,52,301,,,,
-4,23,1300,,,,
-115,-7,240,,,,
-102,58,2067,,,,
-106,27,1364,,,,
-120,51,657,,,,
-84,25,583,,,,
-132,11,286,,,,
-104,0,401,,,,
-159,44,1707,,,,
-195,20,1847,,,,
-133,10,1026,,,,
-132,42,1351,,,,
-87,16,1412,,,,
-132,-17,1319,,,,
-130,-41,1281,,,,
-113,1,678,,,,
-112,5,729,,,,
-172,2,1524,,,,
-124,45,188,,,,
-105,-49,1372,,,,
-130,0,945,,,,
-111,6,1606,,,,
-118,-15,1052,,,,
-23,19,2340,,,,
-19,6,1271,,,,
-117,20,732,,,,
-50,13,2283,,,,
-107,33,1487,,,,
-55,29,699,,,,
-148,-13,810,,,,
-96,3,279,,,,
-81,54,1026,,,,
-123,33,983,,,,
-34,8,677,,,,
-118,27,1743,,,,
-79,-11,2021,,,,
-40,-9,1254,,,,
-123,-33,396,,,,
-115,-21,1109,,,,
-113,-65,653,,,,
-51,-60,717,,,,
-149,-22,165,,,,
-60,-84,943,,,,
-44,-70,479,,,,
83,-19,2316,,,,
-90,-34,387,,,,
43,-28,2165,,,,
-143,-43,-89,,,,
30,32,2256,,,,
-163,-21,480,,,,
-81,-64,557,,,,
-26,-45,1029,,,,
-133,-27,603,,,,
39,-63,838,,,,
-111,-52,726,,,,
79,-44,1352,,,,
-85,-23,602,,,,
-90,45,1533,,,,
-52,-110,758,,,,
-43,17,1317,,,,
-118,-43,1207,,,,
-60,-64,-5,,,,
-45,-128,1186,,,,
9,-73,2506,,,,
11,-83,66,,,,
33,-136,1455,,,,
-41,18,1376,,,,
8,-40,1203,,,,
-48,-2,-603,,,,
34,31,2735,,,,
-9,-19,-620,,,,
-46,17,1098,,,,
-4,41,2092,,,,
-19,-7,891,,,,
-34,33,552,,,,
13,12,2316,,,,
1,-41,-18,,,,
-4,22,683,,,,
-31,-33,1967,,,,
101,55,1040,,,,
-5,-64,-262,,,,
-40,39,2050,,,,
142,-7,896,,,,
56,-61,224,,,,
49,-51,413,,,,
28,32,1194,,,,
-5,6,920,,,,
58,59,752,,,,
30,51,1248,,,,
68,-48,1079,,,,
44,-30,472,,,,
-38,62,1377,,,,
-22,-10,381,,,,
-11,47,952,,,,
-62,92,1047,,,,
22,91,558,,,,
-28,16,957,,,,
-77,61,1017,,,,
13,58,456,,,,
44,-6,1599,,,,
14,-41,768,,,,
7,46,747,,,,
-20,128,648,,,,
21,75,1397,,,,
37,-41,567,,,,
49,9,1602,,,,
-40,103,1093,,,,
78,70,462,,,,
97,15,2245,,,,
-9,-53,1483,,,,
36,19,1265,,,,
118,-46,820,,,,
79,-46,567,,,,
124,-80,726,,,,
88,16,806,,,,
102,-36,1026,,,,
159,-12,682,,,,
51,24,1061,,,,
59,3,495,,,,
174,-11,1846,,,,
59,-14,1403,,,,
68,16,812,,,,
96,-49,740,,,,
109,1,904,,,,
58,-2,1265,,,,
52,-19,966,,,,
53,1,1056,,,,
81,-56,857,,,,
-22,-33,91,,,,
4,60,1095,,,,
23,25,1184,,,,
82,30,1257,,,,
71,-53,996,,,,
38,-11,1140,,,,
25,-62,617,,,,
-16,-32,1247,,,,
65,5,1058,,,,
63,-7,1078,,,,
23,-56,571,,,,
17,0,880,,,,
64,56,695,,,,
39,-5,1000,,,,
5,-3,901,,,,
41,0,616,,,,
64,-20,1410,,,,
34,66,1014,,,,
42,5,815,,,,
54,-3,1278,,,,
61,74,1074,,,,
22,-4,595,,,,
49,35,569,,,,
36,33,1351,,,,
40,-25,584,,,,
-4,23,425,,,,
60,39,1228,,,,
61,20,1033,,,,
64,-16,892,,,,
17,17,1070,,,,
28,20,1450,,,,
47,-2,1263,,,,
58,-23,1054,,,,
47,-13,1150,,,,
-12,18,1118,,,,
50,-12,1336,,,,
42,-40,499,,,,
5,26,1326,,,,
34,8,863,,,,
86,30,1271,,,,
80,-71,799,,,,
47,-61,1287,,,,
101,-92,1688,,,,
58,-109,684,,,,
60,-62,1285,,,,
29,-31,668,,,,
43,-52,879,,,,
64,-23,886,,,,
37,-59,339,,,,
103,-15,522,,,,
61,-74,1046,,,,
61,-15,1732,,,,
60,-27,1066,,,,
72,-77,28,,,,
64,16,1077,,,,
102,-14,864,,,,
92,-40,995,,,,
91,-44,1118,,,,
27,-11,1182,,,,
45,-10,878,,,,
93,-22,1619,,,,
71,-37,920,,,,
48,13,779,,,,
63,-21,1059,,,,
27,-4,1051,,,,
83,-20,910,,,,
82,-34,627,,,,
40,-3,691,,,,
44,3,1090,,,,
72,-28,634,,,,
74,45,1219,,,,
19,-73,823,,,,
116,-61,1686,,,,
99,8,1072,,,,
111,35,732,,,,
79,10,1961,,,,
77,-3,755,,,,
71,-83,170,,,,
63,15,2273,,,,
106,-32,1333,,,,
16,-45,297,,,,
34,-7,726,,,,
6,-36,906,,,,
32,-9,1460,,,,
49,-81,646,,,,
55,-21,570,,,,
-23,-22,1315,,,,
56,-21,1298,,,,
25,-8,1380,,,,
34,-31,1305,,,,
69,-35,676,,,,
56,-34,823,,,,
33,5,1316,,,,
49,23,1352,,,,
38,-5,1064,,,,
92,-70,376,,,,
40,-25,632,,,,
84,-33,1061,,,,
18,19,1387,,,,
93,-16,864,,,,
91,-1,957,,,,
59,-48,522,,,,
69,5,915,,,,
94,-11,533,,,,
59,-9,949,,,,
46,-39,735,,,,
95,-30,675,,,,
61,-20,800,,,,
88,-28,1025,,,,
117,-45,1088,,,,
104,-26,860,,,,
85,-17,778,,,,
106,-19,955,,,,
118,-20,621,,,,
77,4,1183,,,,
73,-3,910,,,,
97,-10,935,,,,
55,20,1379,,,,
83,31,793,,,,
53,10,682,,,,
40,16,867,,,,
56,11,885,,,,
49,3,1002,,,,
17,26,1110,,,,
23,19,1147,,,,
48,-2,1059,,,,
49,-12,994,,,,
44,-46,1181,,,,
74,-44,866,,,,
19,-25,818,,,,
42,18,838,,,,
15,0,1209,,,,
36,-3,1040,,,,
44,4,987,,,,
46,-6,1064,,,,
21,3,1252,,,,
40,-11,1284,,,,
36,-40,931,,,,
38,-35,663,,,,
30,-7,1064,,,,
16,-10,1258,,,,
20,-14,1096,,,,
50,-58,571,,,,
72,-44,781,,,,
21,-50,865,,,,
32,-31,1060,,,,
70,-11,948,,,,
40,-16,1109,,,,
53,-22,1629,,,,
63,-21,1096,,,,
62,-26,1080,,,,
23,-31,872,,,,
77,-56,1163,,,,
64,-78,1159,,,,
20,-29,1513,,,,
39,-54,1222,,,,
47,-72,1238,,,,
65,-31,1382,,,,
33,-17,1363,,,,
43,-58,870,,,,
22,-31,1282,,,,
85,-93,642,,,,
28,-64,928,,,,
23,-48,579,,,,
78,-63,889,,,,
77,-49,1590,,,,
34,-24,1303,,,,
51,-30,1463,,,,
18,-35,1317,,,,
68,-58,173,,,,
42,-38,896,,,,
42,0,1263,,,,
58,-1,1292,,,,
77,-30,811,,,,
35,-45,1412,,,,
64,-14,1031,,,,
81,-30,1132,,,,
56,-37,1029,,,,
63,-13,1388,,,,
55,-31,1164,,,,
50,4,1314,,,,
78,-53,797,,,,
102,-29,977,,,,
95,3,1199,,,,
108,-37,1330,,,,
95,-39,1181,,,,
78,-26,768,,,,
107,-27,1220,,,,
78,0,1372,,,,
105,-26,721,,,,
84,-20,827,,,,
108,-23,1139,,,,
114,-46,909,,,,
116,-67,662,,,,
131,-24,835,,,,
125,-27,924,,,,
128,-40,1000,,,,
143,-19,1040,,,,
118,-36,942,,,,
158,-40,966,,,,
87,-23,835,,,,
168,-45,1073,,,,
148,-33,831,,,,
164,-35,1008,,,,
164,-22,874,,,,
183,-30,1123,,,,
212,-46,1141,,,,
153,-14,925,,,,
197,-10,883,,,,
197,-11,1036,,,,
186,0,959,,,,
226,-15,1007,,,,
221,2,1041,,,,
219,5,912,,,,
208,12,1016,,,,
235,9,998,,,,
264,1,1029,,,,
202,5,916,,,,
223,20,994,,,,
230,29,1075,,,,
209,17,980,,,,
201,36,1030,,,,
185,15,997,,,,
134,26,1003,,,,
71,31,1014,,,,
-1,39,1010,,,,
47,-39,975,,,,
41,16,997,,,,
116,61,969,,,,
174,9,997,,,,
280,-6,976,,,,
272,13,969,,,,
240,19,1016,,,,
188,9,1009,,,,
185,1,1024,,,,
297,-9,947,,,,
296,-25,1110,,,,
314,-18,871,,,,
196,2,1073,,,,
192,13,1125,,,,
200,-3,993,,,,
154,-23,1096,,,,
224,-38,976,,,,
205,-19,919,,,,
176,0,990,,,,
145,9,1053,,,,
175,-18,871,,,,
118,-18,1046,,,,
102,-3,1126,,,,
122,-5,983,,,,
99,-36,1187,,,,
176,-42,883,,,,
179,-17,1006,,,,
205,-11,1055,,,,
176,-49,784,,,,
153,-20,1119,,,,
165,-30,1214,,,,
167,-33,767,,,,
176,-61,718,,,,
170,-48,1022,,,,
128,-46,1027,,,,
170,-35,1065,,,,
221,-66,1035,,,,
205,-33,759,,,,
225,-43,1115,,,,
132,-49,1281,,,,
160,-79,725,,,,
234,-49,624,,,,
267,-73,589,,,,
192,-25,1565,,,,
148,-55,1244,,,,
160,-95,1186,,,,
146,-75,931,,,,
134,-37,1207,,,,
139,-54,534,,,,
198,-88,1089,,,,
126,-63,1017,,,,
177,-65,881,,,,
185,-52,1011,,,,
198,-60,1167,,,,
182,-38,1129,,,,
152,-27,1158,,,,
126,-59,1084,,,,
157,-75,604,,,,
110,-69,816,,,,
182,-120,805,,,,
76,-26,1247,,,,
107,-35,1108,,,,
116,-102,946,,,,
76,-43,1285,,,,
92,-57,578,,,,
136,-38,733,,,,
101,-57,939,,,,
85,-51,1188,,,,
27,-36,1327,,,,
163,-106,736,,,,
114,-48,498,,,,
108,-66,1058,,,,
153,-74,1050,,,,
70,-57,1177,,,,
48,-105,758,,,,
87,-43,1203,,,,
66,-54,1114,,,,
124,-32,827,,,,
90,-54,1254,,,,
73,-76,682,,,,
27,-58,872,,,,
46,-12,742,,,,
35,-24,1376,,,,
49,-43,1126,,,,
27,-45,762,,,,
104,-65,906,,,,
118,-52,1180,,,,
3,-37,886,,,,
49,-76,567,,,,
59,-39,1003,,,,
22,-52,1897,,,,
99,-90,513,,,,
103,-53,910,,,,
68,14,1047,,,,
76,-24,943,,,,
73,19,1159,,,,
93,-67,816,,,,
43,-86,1267,,,,
115,-45,329,,,,
76,-12,1178,,,,
60,-7,1275,,,,
114,-47,526,,,,
81,-42,843,,,,
60,-17,1496,,,,
53,-38,732,,,,
4,-18,1095,,,,
136,-91,929,,,,
74,1,462,,,,
36,-43,717,,,,
-5,30,1301,,,,
100,-50,1017,,,,
31,5,1160,,,,
66,3,1414,,,,
91,-28,400,,,,
-9,-23,1406,,,,
0,5,1268,,,,
42,-26,127,,,,
76,12,1400,,,,
9,28,1037,,,,
40,-43,560,,,,
26,-12,1045,,,,
10,-10,41,,,,
29,50,861,,,,
137,7,1336,,,,
26,-11,823,,,,
4,-5,1330,,,,
35,12,959,,,,
79,-15,591,,,,
50,-28,1077,,,,
92,3,754,,,,
45,9,1034,,,,
0,-4,966,,,,
31,15,1340,,,,
66,-4,1133,,,,
68,-20,821,,,,
17,26,1072,,,,
85,21,1487,,,,
53,-17,827,,,,
49,-10,922,,,,
36,3,1136,,,,
104,-14,563,,,,
74,34,1636,,,,
30,32,956,,,,
27,38,974,,,,
39,10,1188,,,,
69,-3,258,,,,
97,47,1247,,,,
65,66,928,,,,
74,16,629,,,,
97,44,950,,,,
68,67,1374,,,,
77,45,741,,,,
60,44,1022,,,,
74,74,1103,,,,
86,103,840,,,,
32,47,705,,,,
88,33,1092,,,,
27,122,953,,,,
29,-5,766,,,,
50,61,1112,,,,
-75,86,1383,,,,
32,45,1244,,,,
-7,102,1242,,,,
-43,79,782,,,,
35,100,1455,,,,
-11,58,1382,,,,
-50,86,1368,,,,
30,80,1156,,,,
0,79,1257,,,,
27,30,1166,,,,
-39,108,852,,,,
-35,1,853,,,,
5,-5,611,,,,
-20,62,1052,,,,
26,57,991,,,,
-10,31,857,,,,
20,26,1078,,,,
16,33,983,,,,
18,-1,1042,,,,
135,8,776,,,,
0,20,947,,,,
14,39,864,,,,
44,5,1344,,,,
24,41,863,,,,
15,65,1165,,,,
72,-8,1313,,,,
83,-14,918,,,,
3,0,724,,,,
41,34,1382,,,,
22,58,714,,,,
27,14,894,,,,
-70,49,1460,,,,
4,-2,1188,,,,
65,25,976,,,,
-14,53,980,,,,
-16,26,1577,,,,
-14,8,437,,,,
-29,-1,986,,,,
47,48,1602,,,,
-25,5,1283,,,,
53,-22,882,,,,
42,-127,372,,,,
-38,0,571,,,,
-50,-13,782,,,,
34,49,1272,,,,
45,-69,408,,,,
-2,-11,1533,,,,
-48,-2,1508,,,,
27,18,788,,,,
37,30,934,,,,
22,-9,384,,,,
14,-42,1008,,,,
0,11,1250,,,,
48,-4,1040,,,,
17,-41,671,,,,
55,13,316,,,,
1,3,1369,,,,
44,26,242,,,,
-81,31,1603,,,,
55,17,123,,,,
-75,4,1383,,,,
26,43,1729,,,,
-29,-12,276,,,,
93,14,1514,,,,
10,-15,923,,,,
-61,-4,1108,,,,
29,-3,798,,,,
1,-55,1362,,,,
33,24,1099,,,,
-7,-36,1009,,,,
-86,-6,1042,,,,
-45,-3,453,,,,
-10,39,1512,,,,
-19,-23,700,,,,
44,-21,-21,,,,
-70,32,1192,,,,
38,-2,1449,,,,
-18,-20,639,,,,
-16,26,1312,,,,
58,-17,610,,,,
-29,47,1967,,,,
91,47,1464,,,,
-49,-10,632,,,,
5,-27,1764,,,,
38,30,1353,,,,
81,47,1334,,,,
15,-12,1230,,,,
60,-47,1466,,,,
51,7,1559,,,,
91,-43,803,,,,
84,-76,727,,,,
-124,-103,1550,,,,
-55,-86,1728,,,,
91,-32,587,,,,
18,-106,1254,,,,
-98,-84,1394,,,,
76,-46,728,,,,
-33,7,1275,,,,
3,-113,-885,,,,
45,-60,95,,,,
-6,-5,1408,,,,
42,-127,-310,,,,
-14,-20,818,,,,
91,-63,377,,,,
-18,-26,2231,,,,
15,-57,262,,,,
-35,-56,425,,,,
18,-118,-382,,,,
-34,-54,60,,,,
5,-71,668,,,,
-47,-15,878,,,,
46,-81,1425,,,,
31,-35,2440,,,,
17,-27,1116,,,,
118,12,1727,,,,
78,-12,1256,,,,
-75,-78,1154,,,,
35,-52,61,,,,
-108,-104,795,,,,
133,-120,-39,,,,
34,-84,1320,,,,
8,-65,56,,,,
162,-62,397,,,,
-73,-62,2105,,,,
117,-28,789,,,,
99,-23,2132,,,,
156,-101,1207,,,,
-15,-21,1236,,,,
95,-75,674,,,,
-31,-107,791,,,,
99,-2,559,,,,
172,-43,945,,,,
-52,-12,2343,,,,
24,-114,452,,,,
153,-101,-1242,,,,
59,-19,2926,,,,
172,-72,-111,,,,
0,-68,759,,,,
106,-45,1016,,,,
162,-37,-250,,,,
-2,-35,2180,,,,
126,-71,-492,,,,
50,-96,-340,,,,
13,-71,1159,,,,
81,-44,-115,,,,
38,-13,1148,,,,
106,24,1668,,,,
69,30,1077,,,,
-50,-11,2841,,,,
84,24,225,,,,
12,26,1939,,,,
-18,2,1619,,,,
-3,-30,429,,,,
-61,-12,1547,,,,
53,64,641,,,,
0,-31,524,,,,
12,-63,118,,,,
-50,28,531,,,,
-83,-89,108,,,,
15,-44,-172,,,,
-47,28,1211,,,,
-37,-5,461,,,,
-87,35,1662,,,,
-50,54,1567,,,,
-124,4,1592,,,,
-29,-69,581,,,,
-136,18,548,,,,
-133,60,1387,,,,
-157,54,1254,,,,
-69,3,2216,,,,
-127,7,911,,,,
-142,21,962,,,,
-177,12,1348,,,,
-92,37,715,,,,
-112,39,1345,,,,
-54,62,1305,,,,
-142,42,1230,,,,
-203,84,1478,,,,
-209,15,978,,,,
-209,29,1046,,,,
-225,42,780,,,,
-188,36,621,,,,
-187,-13,876,,,,
-279,42,964,,,,
-207,62,1666,,,,
-210,18,1051,,,,
-309,-28,824,,,,
-161,82,1790,,,,
-238,100,1706,,,,
-302,71,780,,,,
-212,-3,213,,,,
-283,37,1234,,,,
-262,66,909,,,,
-229,47,1012,,,,
-297,47,777,,,,
-181,64,1068,,,,
-228,32,1602,,,,
-295,59,946,,,,
-224,95,1008,,,,
-176,58,1186,,,,
-208,59,1480,,,,
-188,50,893,,,,
-216,105,1212,,,,
-222,62,1007,,,,
-236,67,1067,,,,
-181,75,920,,,,
-163,90,899,,,,
-214,65,1508,,,,
-194,82,543,,,,
-158,59,1261,,,,
-161,51,1048,,,,
-182,55,677,,,,
-161,52,956,,,,
-121,12,921,,,,
-258,54,1045,,,,
-232,77,890,,,,
-255,39,882,,,,
-231,17,1148,,,,
-222,21,936,,,,
-197,17,1051,,,,
-254,45,907,,,,
-171,20,671,,,,
-173,29,733,,,,
-177,53,875,,,,
-199,34,1061,,,,
-225,38,1269,,,,
-189,36,1066,,,,
-201,17,885,,,,
-155,19,941,,,,
-200,-8,847,,,,
-210,12,759,,,,
-242,21,1107,,,,
-225,3,1100,,,,
-230,4,947,,,,
-248,5,1007,,,,
-253,-14,1168,,,,
-294,-5,952,,,,
-243,11,956,,,,
-190,-45,1091,,,,
-213,-27,918,,,,
-212,-12,993,,,,
-189,-27,1110,,,,
-146,-28,1151,,,,
-146,-21,836,,,,
-141,-36,912,,,,
-193,-38,1093,,,,
-202,15,944,,,,
-212,37,950,,,,
-193,31,1077,,,,
-177,-1,992,,,,
-178,12,891,,,,
-155,-15,1006,,,,
-123,-18,1074,,,,
-135,-14,961,,,,
-186,-30,952,,,,
-155,-40,1006,,,,
-155,-55,1059,,,,
-175,-39,913,,,,
-184,-25,881,,,,
-161,-29,1181,,,,
-169,-62,874,,,,
-180,-42,858,,,,
-125,-76,1061,,,,
-135,-67,936,,,,
-109,-57,900,,,,
-106,-44,1127,,,,
-208,-32,917,,,,
-279,-23,825,,,,
-142,-27,1062,,,,
-87,4,872,,,,
-87,7,792,,,,
-14,-57,720,,,,
-84,-26,1260,,,,
-161,-60,1022,,,,
-134,-62,1170,,,,
-137,-80,992,,,,
-152,-55,789,,,,
-75,-60,873,,,,
-77,-29,876,,,,
-89,-38,1261,,,,
-153,-51,1258,,,,
-92,-66,770,,,,
-118,-69,1074,,,,
-149,-60,1028,,,,
-122,-53,1191,,,,
-112,-70,865,,,,
-110,-43,1046,,,,
-94,-84,937,,,,
-127,-77,893,,,,
-93,-75,747,,,,
-64,-83,913,,,,
-104,-28,1231,,,,
-113,-51,1127,,,,
-88,-68,1293,,,,
-87,-21,808,,,,
-91,-40,945,,,,
-126,14,1320,,,,
-139,-28,1261,,,,
-46,-38,1150,,,,
-93,-16,812,,,,
-106,-8,708,,,,
-114,0,1084,,,,
-62,-32,886,,,,
-91,0,1143,,,,
-87,30,1096,,,,
-93,7,905,,,,
-111,29,1588,,,,
-137,14,554,,,,
-79,15,1164,,,,
-126,22,1164,,,,
-61,-10,929,,,,
-70,0,800,,,,
-94,24,560,,,,
-117,12,1220,,,,
-85,9,719,,,,
-114,19,918,,,,
-88,20,983,,,,
-114,22,1042,,,,
-104,0,676,,,,
-90,7,850,,,,
-87,10,1140,,,,
-76,-10,286,,,,
-48,28,690,,,,
-105,33,1030,,,,
-115,36,1088,,,,
-109,38,641,,,,
-95,-1,589,,,,
-91,28,907,,,,
-81,20,1092,,,,
-83,21,720,,,,
-119,72,1338,,,,
-90,6,1320,,,,
-125,-5,1408,,,,
-69,12,904,,,,
-80,-2,440,,,,
-116,12,814,,,,
-105,18,952,,,,
-78,0,824,,,,
-91,-2,791,,,,
-103,11,1115,,,,
-77,30,1229,,,,
-63,12,1224,,,,
-83,12,535,,,,
-61,34,960,,,,
-87,13,1143,,,,
-141,25,1325,,,,
-81,24,1015,,,,
-130,40,935,,,,
-64,10,915,,,,
-93,3,1587,,,,
-26,7,783,,,,
-111,3,903,,,,
-62,-24,1129,,,,
-65,19,1089,,,,
-109,14,592,,,,
-76,16,892,,,,
-24,-15,1546,,,,
-122,-23,1265,,,,
-44,-35,1598,,,,
-95,24,810,,,,
-72,38,1111,,,,
-44,-11,-29,,,,
-79,-3,1068,,,,
-7,-55,621,,,,
-90,10,904,,,,
-95,57,1810,,,,
7,36,1016,,,,
-36,-14,808,,,,
1,12,1664,,,,
-61,-8,809,,,,
11,-20,1393,,,,
-43,-13,1487,,,,
-38,-5,1160,,,,
-29,41,1526,,,,
-69,80,450,,,,
-49,39,1554,,,,
-122,-57,370,,,,
33,-7,2310,,,,
-64,31,1549,,,,
-39,-42,1335,,,,
20,24,1638,,,,
-103,4,528,,,,
-29,-8,1809,,,,
-65,29,706,,,,
62,66,1130,,,,
-38,0,150,,,,
-103,11,1275,,,,
-26,-11,1683,,,,
-11,-1,1055,,,,
49,20,1425,,,,
-73,-16,870,,,,
16,-58,1302,,,,
-136,-3,194,,,,
53,-73,1512,,,,
-86,-39,745,,,,
-54,6,1881,,,,
-116,-45,571,,,,
-110,0,1213,,,,
30,-1,1989,,,,
-23,-9,936,,,,
-45,-19,1066,,,,
-40,-41,932,,,,
31,-22,1286,,,,
-69,-58,-50,,,,
-26,82,1319,,,,
31,6,868,,,,
-60,-32,185,,,,
24,-62,1236,,,,
-35,-77,1114,,,,
-28,-83,159,,,,
-26,-10,1709,,,,
-25,-67,630,,,,
-24,3,1636,,,,
-134,0,923,,,,
51,-16,1899,,,,
-22,14,987,,,,
-18,80,1747,,,,
-6,-64,374,,,,
-14,69,1846,,,,
-46,-47,484,,,,
-57,5,482,,,,
14,13,1876,,,,
2,-57,869,,,,
27,-9,150,,,,
46,32,2173,,,,
14,3,116,,,,
-61,45,604,,,,
-8,-38,702,,,,
18,23,2024,,,,
18,8,987,,,,
71,5,574,,,,
6,85,1367,,,,
68,-21,1629,,,,
-37,103,1221,,,,
18,-65,543,,,,
-18,31,1161,,,,
22,-12,577,,,,
-4,-51,278,,,,
59,-26,333,,,,
51,40,1987,,,,
13,6,754,,,,
-7,3,1050,,,,
71,-49,909,,,,
41,-94,1802,,,,
-5,33,433,,,,
-13,67,1366,,,,
18,12,1468,,,,
47,-111,-99,,,,
3,-37,877,,,,
-4,-47,579,,,,
-35,24,1165,,,,
8,-55,906,,,,
-58,-2,1165,,,,
-55,-82,1106,,,,
-14,7,1125,,,,
-8,-11,1486,,,,
23,-33,942,,,,
45,-73,957,,,,
-32,-28,1304,,,,
-10,-21,1313,,,,
20,-62,315,,,,
-61,-33,751,,,,
20,-92,1038,,,,
59,-71,621,,,,
18,-42,1101,,,,
5,-35,1032,,,,
-3,-8,1414,,,,
-47,13,1650,,,,
-87,24,676,,,,
-49,32,1479,,,,
17,44,1324,,,,
-74,62,927,,,,
6,28,1197,,,,
-43,9,955,,,,
-11,36,1524,,,,
-14,-38,1213,,,,
-44,-15,867,,,,
-28,25,1651,,,,
37,-56,1058,,,,
-120,-16,1035,,,,
-107,-49,781,,,,
-27,-11,947,,,,
-100,-59,1356,,,,
-12,-93,618,,,,
-44,-26,1056,,,,
20,-70,1015,,,,
-9,-18,1230,,,,
49,-11,1220,,,,
-74,28,326,,,,
1,13,795,,,,
72,35,209,,,,
111,-98,1038,,,,
20,-109,876,,,,
-26,13,695,,,,
7,-30,1159,,,,
32,5,839,,,,
-7,16,1341,,,,
-17,-90,1396,,,,
-40,11,710,,,,
68,-20,1242,,,,
23,31,803,,,,
51,33,911,,,,
65,-57,1406,,,,
44,-24,1092,,,,
87,-71,1279,,,,
105,-17,1289,,,,
161,-62,694,,,,
63,-87,1450,,,,
23,-35,1232,,,,
77,-39,1455,,,,
1,-60,793,,,,
64,-71,786,,,,
24,-34,1137,,,,
-44,-23,1443,,,,
11,12,1303,,,,
28,-49,1872,,,,
30,11,544,,,,
128,26,927,,,,
21,-3,982,,,,
7,-75,571,,,,
40,-18,898,,,,
72,-27,939,,,,
19,-35,200,,,,
85,-84,457,,,,
50,13,162,,,,
80,43,2329,,,,
40,14,1922,,,,
124,-58,788,,,,
25,4,1004,,,,
43,11,860,,,,
82,-54,1017,,,,
26,-61,1166,,,,
135,-33,1147,,,,
147,2,1399,,,,
69,-8,929,,,,
81,-40,1276,,,,
31,28,1606,,,,
83,-70,744,,,,
104,-52,1478,,,,
12,26,1619,,,,
97,-45,730,,,,
135,-53,1173,,,,
104,-46,1237,,,,
65,-39,515,,,,
4,4,716,,,,
93,12,1023,,,,
26,32,768,,,,
32,-71,1025,,,,
44,26,984,,,,
13,2,1344,,,,
42,19,1480,,,,
76,-98,823,,,,
101,-7,1738,,,,
82,-9,1048,,,,
114,-103,332,,,,
58,-2,1091,,,,
74,-5,1505,,,,
83,-66,244,,,,
44,21,1489,,,,
16,-26,1818,,,,
53,-77,1024,,,,
130,25,1413,,,,
85,-8,1170,,,,
113,-47,592,,,,
86,1,777,,,,
24,-6,1171,,,,
65,-47,429,,,,
66,-36,720,,,,
50,16,1357,,,,
90,-25,1716,,,,
22,0,1552,,,,
51,-43,681,,,,
31,-24,1084,,,,
131,104,2213,,,,
32,-53,909,,,,
57,-64,389,,,,
42,-25,644,,,,
33,13,1173,,,,
52,-24,893,,,,
64,-46,854,,,,
81,-94,505,,,,
60,-48,1443,,,,
67,29,1084,,,,
60,-32,1100,,,,
63,-34,450,,,,
107,26,562,,,,
189,-32,383,,,,
58,-2,838,,,,
48,-37,943,,,,
-13,-64,1369,,,,
76,-29,1406,,,,
68,23,1281,,,,
52,-59,984,,,,
93,-98,791,,,,
111,-44,998,,,,
32,-45,1303,,,,
67,-38,841,,,,
73,-40,1134,,,,
20,41,976,,,,
75,5,1650,,,,
46,-26,1199,,,,
26,-15,1364,,,,
77,-26,1138,,,,
63,-43,624,,,,
49,-23,954,,,,
68,-16,1036,,,,
98,-27,956,,,,
86,-56,1181,,,,
38,-50,792,,,,
58,-77,965,,,,
32,-9,1375,,,,
37,-35,981,,,,
0,-49,781,,,,
79,-51,1201,,,,
56,-36,1565,,,,
65,-43,1182,,,,
40,-26,1108,,,,
101,-54,857,,,,
20,5,1557,,,,
155,-65,1221,,,,
56,-20,383,,,,
46,-36,1036,,,,
87,-45,1243,,,,
64,-3,1644,,,,
51,16,1367,,,,
49,-16,447,,,,
154,-30,1198,,,,
93,-16,487,,,,
93,-24,743,,,,
71,-7,867,,,,
60,-21,1022,,,,
18,36,1153,,,,
62,-26,1037,,,,
47,-7,1082,,,,
74,0,589,,,,
84,-17,551,,,,
71,-28,607,,,,
27,-33,796,,,,
66,-14,997,,,,
48,-13,1103,,,,
31,23,1252,,,,
41,-48,1108,,,,
50,-35,464,,,,
68,2,1255,,,,
74,-33,1090,,,,
108,-33,1072,,,,
28,9,949,,,,
66,1,851,,,,
20,-18,681,,,,
89,-74,869,,,,
91,-60,1127,,,,
6,-24,932,,,,
51,11,1198,,,,
45,16,906,,,,
46,1,1319,,,,
69,-70,1100,,,,
58,15,1671,,,,
117,-29,756,,,,
93,-41,960,,,,
20,-3,949,,,,
58,-26,498,,,,
108,-6,615,,,,
97,-8,1328,,,,
62,-13,800,,,,
99,-22,486,,,,
95,-39,510,,,,
45,-25,487,,,,
67,-10,747,,,,
70,-38,1554,,,,
29,-30,731,,,,
120,-18,1206,,,,
68,-35,1363,,,,
81,-47,636,,,,
67,-18,683,,,,
76,8,1000,,,,
51,-25,941,,,,
52,-14,1020,,,,
50,17,820,,,,
105,-17,1583,,,,
91,-18,1460,,,,
61,-45,926,,,,
55,-22,665,,,,
91,-11,1015,,,,
123,-22,797,,,,
47,10,904,,,,
40,-9,855,,,,
107,14,991,,,,
64,2,801,,,,
78,-13,1192,,,,
78,-1,1416,,,,
56,15,1275,,,,
71,-8,1102,,,,
72,-18,1027,,,,
12,-3,782,,,,
31,4,1150,,,,
112,14,1208,,,,
51,3,1048,,,,
59,12,1015,,,,
52,4,1048,,,,
59,23,891,,,,
37,-11,1025,,,,
54,28,1115,,,,
44,9,1048,,,,
-24,8,825,,,,
61,21,1046,,,,
13,5,973,,,,
76,25,1149,,,,
37,4,1164,,,,
72,-7,934,,,,
55,25,1043,,,,
12,-3,885,,,,
13,17,752,,,,
78,14,1095,,,,
28,-17,1037,,,,
52,29,1121,,,,
18,35,980,,,,
66,-5,1090,,,,
33,-8,899,,,,
48,29,1127,,,,
47,-22,988,,,,
28,-10,1027,,,,
44,-26,800,,,,
63,-47,1007,,,,
19,-3,857,,,,
96,-26,1109,,,,
68,-47,1122,,,,
24,-13,1090,,,,
31,-37,1046,,,,
0,5,1006,,,,
71,-46,1369,,,,
23,-9,985,,,,
78,-31,1040,,,,
23,-18,1242,,,,
63,-17,1006,,,,
74,-1,990,,,,
65,-33,1019,,,,
90,14,948,,,,
24,-18,928,,,,
-1,-12,905,,,,
77,-22,906,,,,
58,5,921,,,,
2,-32,981,,,,
56,-43,942,,,,
54,-9,921,,,,
57,5,1050,,,,
66,-23,1080,,,,
-16,-24,969,,,,
77,-10,1032,,,,
57,-17,1040,,,,
55,-25,1101,,,,
4,10,927,,,,
27,-24,1030,,,,
31,-21,761,,,,
82,-28,1061,,,,
-20,10,1042,,,,
54,-13,1016,,,,
12,12,914,,,,
52,-3,1051,,,,
14,-5,993,,,,
4,9,846,,,,
8,0,926,,,,
0,0,1064,,,,
26,-12,1115,,,,
38,10,927,,,,
43,-5,854,,,,
42,-16,1113,,,,
52,-14,1041,,,,
-22,20,993,,,,
54,-15,859,,,,
20,-17,841,,,,
5,-28,1096,,,,
22,-7,799,,,,
51,-27,927,,,,
47,-18,1123,,,,
29,1,1119,,,,
-54,4,927,,,,
83,-18,1189,,,,
4,4,893,,,,
46,-31,1068,,,,
-1,-14,1118,,,,
14,-14,933,,,,
38,-20,1035,,,,
36,-5,1105,,,,
14,-30,1032,,,,
61,-20,1138,,,,
32,-19,1044,,,,
-19,-9,961,,,,
31,-4,1005,,,,
81,-17,1076,,,,
43,-17,1062,,,,
59,-36,832,,,,
25,4,952,,,,
22,-3,1007,,,,
39,-8,938,,,,
75,-12,928,,,,
77,-16,1138,,,,
-40,2,1039,,,,
-1,-1,972,,,,
81,-31,901,,,,
62,-26,966,,,,
33,-2,1095,,,,
43,-27,1033,,,,
44,-13,1048,,,,
74,8,1015,,,,
16,6,954,,,,
57,-36,976,,,,
76,-5,1052,,,,
10,6,901,,,,
105,12,1031,,,,
51,12,972,,,,
37,-46,888,,,,
13,-3,1041,,,,
57,36,1085,,,,
40,0,973,,,,
85,-5,1010,,,,
56,-23,968,,,,
68,-25,1023,,,,
7,1,1061,,,,
19,-10,984,,,,
13,8,1005,,,,
46,-1,1014,,,,
76,-28,956,,,,
95,1,972,,,,
34,4,1049,,,,
35,-6,959,,,,
27,-15,998,,,,
7,-4,979,,,,
27,-3,1047,,,,
60,3,1013,,,,
116,-28,977,,,,
104,-16,990,,,,
105,-18,979,,,,
55,-13,968,,,,
71,-24,993,,,,
71,-11,1004,,,,
94,-6,1054,,,,
7,3,1023,,,,
-83,11,1037,,,,
50,-13,954,,,,
150,-30,960,,,,
124,-28,1024,,,,
64,-21,1002,,,,
4,-3,1008,,,,
8,-10,986,,,,
29,-12,1013,,,,
38,-12,989,,,,
78,-3,1013,,,,
58,-14,999,,,,
52,-12,991,,,,
49,-5,999,,,,
65,-10,997,,,,
52,-11,995,,,,
37,-14,999,,,,
14,-13,999,,,,
17,-15,998,,,,
9,-17,1001,,,,
9,-10,1004,,,,
14,-11,1003,,,,
10,-16,998,,,,
11,-11,1002,,,,
8,-12,1002,,,,
7,-12,999,,,,
6,-15,998,,,,
6,-14,996,,,,
7,-11,996,,,,
6,-10,996,,,,
7,-13,994,,,,
12,-12,1002,,,,
7,-13,998,,,,
4,-14,1000,,,,
8,-9,1001,,,,
8,-14,998,,,,
9,-11,996,,,,
17,-12,994,,,,
38,-11,991,,,,
11,-15,991,,,,
130,-22,1138,,,,
107,-15,932,,,,
57,-20,1012,,,,
-8,-6,991,,,,
-22,-13,1014,,,,
-7,-11,998,,,,
-5,-13,997,,,,
1,-9,1004,,,,
0,-16,991,,,,
9,-21,991,,,,
24,-14,991,,,,
3,-11,1001,,,,
6,-18,994,,,,
5,-7,1010,,,,
-5,-12,996,,,,
4,-17,992,,,,
12,-13,1009,,,,
20,-21,990,,,,
28,-12,1009,,,,
25,-14,987,,,,
5,-8,1001,,,,
7,-9,1011,,,,
1,-10,999,,,,
7,-16,1007,,,,
14,-12,1002,,,,
17,-21,995,,,,
25,-12,996,,,,
4,-7,1008,,,,
21,-9,996,,,,
21,-2,1007,,,,
36,-9,1005,,,,
32,-17,1006,,,,
27,-16,989,,,,
31,-16,1007,,,,
23,-14,1008,,,,
40,-14,988,,,,
41,-12,1004,,,,
11,-7,1002,,,,
25,-16,1007,,,,
43,-10,983,,,,
40,-10,973,,,,
27,-14,1016,,,,
63,-14,1010,,,,
41,-14,1014,,,,
40,-4,993,,,,
203,-43,793,,,,
96,-37,1108,,,,
49,-9,979,,,,
69,-30,996,,,,
70,-23,1008,,,,
91,-16,1009,,,,
67,-22,974,,,,
81,-21,983,,,,
104,-17,968,,,,
82,-34,951,,,,
87,-13,964,,,,
79,-12,1022,,,,
162,-14,972,,,,
155,-29,918,,,,
109,-33,1053,,,,
207,-38,896,,,,
264,-71,831,,,,
149,4,1174,,,,
163,-28,707,,,,
167,-45,1096,,,,
194,-33,982,,,,
173,-38,991,,,,
218,-42,926,,,,
176,-24,930,,,,
171,2,880,,,,
170,-9,966,,,,
224,-11,1088,,,,
178,-63,1420,,,,
238,-72,624,,,,
270,-39,1017,,,,
257,-44,991,,,,
215,-67,910,,,,
257,-84,673,,,,
193,-94,1192,,,,
188,-57,1289,,,,
250,-75,378,,,,
252,-50,692,,,,
366,-43,1004,,,,
309,-47,1066,,,,
285,-16,1264,,,,
412,-56,828,,,,
365,-66,968,,,,
296,-44,1064,,,,
301,-33,1019,,,,
387,-37,506,,,,
252,-1,1348,,,,
359,-47,1019,,,,
382,-47,703,,,,
359,-91,1022,,,,
313,-37,1170,,,,
340,-79,729,,,,
326,-11,719,,,,
289,-39,884,,,,
216,-12,1271,,,,
196,-29,1005,,,,
286,20,707,,,,
270,19,1069,,,,
222,-12,1146,,,,
321,-30,994,,,,
243,10,848,,,,
153,-17,1003,,,,
149,-6,1015,,,,
261,43,742,,,,
204,-28,1057,,,,
85,-10,897,,,,
200,0,1306,,,,
167,5,1134,,,,
197,-8,1774,,,,
176,-19,1113,,,,
78,-38,1073,,,,
188,3,1205,,,,
89,14,1130,,,,
153,-4,839,,,,
137,-36,823,,,,
16,7,1064,,,,
148,-10,851,,,,
129,-19,1269,,,,
17,-15,1187,,,,
132,-46,1302,,,,
92,-14,493,,,,
97,-2,1295,,,,
70,-42,1180,,,,
75,71,823,,,,
47,15,1088,,,,
127,-39,-147,,,,
11,39,1297,,,,
156,16,548,,,,
92,-27,944,,,,
46,-64,890,,,,
63,-82,357,,,,
52,3,1203,,,,
103,-5,1268,,,,
-8,-58,963,,,,
93,-5,938,,,,
8,83,1891,,,,
50,-31,1343,,,,
-9,-22,893,,,,
80,36,1055,,,,
103,-38,587,,,,
16,1,1240,,,,
24,-31,949,,,,
82,-78,907,,,,
88,-3,561,,,,
36,44,1321,,,,
6,-21,578,,,,
-20,-17,820,,,,
117,-53,902,,,,
44,-15,813,,,,
49,-10,1560,,,,
50,-16,959,,,,
-3,-28,686,,,,
30,-52,916,,,,
8,10,1148,,,,
13,-52,1318,,,,
85,-18,1159,,,,
78,-10,1052,,,,
29,-20,1569,,,,
79,-4,754,,,,
28,-16,1151,,,,
112,-47,379,,,,
-12,-1,1067,,,,
-36,-3,1670,,,,
26,29,1183,,,,
73,-58,733,,,,
-30,20,1296,,,,
56,-1,1216,,,,
70,-32,1004,,,,
34,-15,966,,,,
15,1,1108,,,,
-5,-108,1196,,,,
-94,9,1024,,,,
-16,0,761,,,,
-70,16,673,,,,
-24,-3,528,,,,
-33,-54,1272,,,,
24,-46,865,,,,
-53,-67,1057,,,,
-34,-65,822,,,,
24,-25,839,,,,
11,-12,1115,,,,
-1,46,1394,,,,
-39,-117,700,,,,
15,-44,1493,,,,
-10,-79,-20,,,,
67,2,66,,,,
-39,7,1831,,,,
-56,-80,653,,,,
-116,43,788,,,,
-36,-45,1832,,,,
-29,-75,783,,,,
-17,25,1123,,,,
-9,39,1006,,,,
-23,-22,1406,,,,
-48,-96,1520,,,,
-62,-65,482,,,,
-13,38,891,,,,
-43,-29,533,,,,
-61,-26,345,,,,
-46,-21,626,,,,
-1,0,1109,,,,
-105,-64,555,,,,
-121,23,1519,,,,
53,31,1299,,,,
8,8,2009,,,,
-61,-38,431,,,,
3,-35,841,,,,
4,-29,483,,,,
9,-4,1043,,,,
-79,-91,901,,,,
-37,-77,1236,,,,
-45,4,1002,,,,
11,-30,1060,,,,
-51,-18,858,,,,
-28,-29,585,,,,
-66,-38,1218,,,,
-26,43,983,,,,
-24,29,1557,,,,
-80,13,747,,,,
-20,10,953,,,,
6,-17,1390,,,,
27,-17,982,,,,
-42,-15,471,,,,
-17,-12,1072,,,,
-43,-15,1278,,,,
-68,-1,1255,,,,
-39,1,1034,,,,
-82,-40,1160,,,,
3,-14,898,,,,
-23,-15,973,,,,
-35,-20,1125,,,,
-68,0,934,,,,
-106,-30,1173,,,,
-79,-74,769,,,,
-2,-25,649,,,,
-58,26,1011,,,,
-41,9,569,,,,
-26,-33,958,,,,
-17,-8,745,,,,
-50,44,1224,,,,
-5,42,901,,,,
-18,-7,1151,,,,
5,12,1180,,,,
-77,-6,741,,,,
-28,3,1015,,,,
0,-13,1607,,,,
-22,-2,889,,,,
-35,-52,1557,,,,
-51,-16,535,,,,
-23,33,402,,,,
-18,-47,1300,,,,
11,11,1493,,,,
-14,-1,997,,,,
-62,-32,956,,,,
-88,9,1178,,,,
-31,-39,915,,,,
-44,20,855,,,,
-11,29,789,,,,
-56,-60,678,,,,
-25,12,1002,,,,
-79,19,1468,,,,
12,8,459,,,,
-31,-11,490,,,,
-107,-12,944,,,,
20,-18,500,,,,
-60,-30,266,,,,
-124,25,1485,,,,
-98,17,417,,,,
-18,-34,318,,,,
-75,-42,941,,,,
-81,-56,327,,,,
-61,-44,112,,,,
-129,-3,1127,,,,
-55,3,510,,,,
-64,-3,1447,,,,
-51,-12,797,,,,
-49,53,778,,,,
-37,47,1307,,,,
-102,11,1214,,,,
-42,0,456,,,,
-28,-39,958,,,,
-87,16,1270,,,,
-8,-7,1138,,,,
-78,-14,702,,,,
9,0,725,,,,
-17,-33,106,,,,
-4,-18,1196,,,,
3,-35,418,,,,
-7,8,269,,,,
-48,32,1624,,,,
-95,-34,756,,,,
-131,-60,611,,,,
-74,-51,1007,,,,
-26,-51,632,,,,
-38,44,1354,,,,
-43,-2,982,,,,
-37,-40,850,,,,
-82,35,1000,,,,
-40,-60,807,,,,
-48,-49,649,,,,
-59,-38,1565,,,,
-81,-5,1035,,,,
-45,-35,1275,,,,
-36,-34,907,,,,
-11,-59,735,,,,
-93,-2,1538,,,,
-101,-40,718,,,,
-5,10,611,,,,
-112,18,1657,,,,
-23,-26,416,,,,
-95,-34,1852,,,,
7,-13,1072,,,,
-107,-3,1445,,,,
-63,-11,859,,,,
-56,-10,742,,,,
-37,7,1469,,,,
-24,19,1255,,,,
-56,24,1277,,,,
-12,-2,1032,,,,
-120,-27,1530,,,,
3,8,428,,,,
-101,41,981,,,,
-74,39,1225,,,,
-102,-1,1312,,,,
-84,24,1658,,,,
26,-37,626,,,,
-72,48,1527,,,,
-64,26,1405,,,,
-18,25,916,,,,
-2,22,1327,,,,
-36,60,1395,,,,
-24,24,1297,,,,
-45,16,1006,,,,
-22,-1,1275,,,,
-47,-44,1228,,,,
-26,-41,274,,,,
-103,-66,1818,,,,
-54,18,320,,,,
-110,56,1268,,,,
-20,40,274,,,,
-55,46,970,,,,
-138,14,1453,,,,
-68,8,886,,,,
-103,-12,1412,,,,
-55,62,1443,,,,
-10,18,1036,,,,
-84,2,1106,,,,
-73,51,737,,,,
55,2,561,,,,
-23,18,1540,,,,
-13,-9,475,,,,
-169,-15,1317,,,,
-30,13,682,,,,
-93,-21,1243,,,,
-17,-52,654,,,,
-70,-12,143,,,,
-91,-21,1519,,,,
-40,0,893,,,,
-36,-14,561,,,,
-138,-40,1086,,,,
-106,-32,196,,,,
-23,-7,461,,,,
-53,-24,911,,,,
-106,-12,678,,,,
-23,21,853,,,,
-82,-8,1271,,,,
-99,-28,491,,,,
33,22,874,,,,
-44,-6,1338,,,,
-82,0,882,,,,
-69,1,951,,,,
-98,15,1414,,,,
-130,12,1115,,,,
-44,21,671,,,,
-49,22,1416,,,,
-186,-70,476,,,,
-62,0,20,,,,
-108,2,1800,,,,
-50,28,694,,,,
-33,6,1004,,,,
-101,33,1593,,,,
-51,-16,595,,,,
-54,-27,1450,,,,
-92,18,1024,,,,
-53,25,887,,,,
-108,32,1236,,,,
-39,-2,574,,,,
-61,-4,1022,,,,
-84,-20,732,,,,
-88,23,645,,,,
-103,45,1449,,,,
-72,40,1029,,,,
-108,0,1186,,,,
-136,0,734,,,,
-114,-3,962,,,,
-146,-40,841,,,,
-80,18,859,,,,
-133,32,1292,,,,
-79,15,918,,,,
-105,-22,1120,,,,
-129,-8,1017,,,,
-107,-18,802,,,,
-108,16,1316,,,,
-102,-27,929,,,,
-136,-5,997,,,,
-79,17,1043,,,,
-120,-15,998,,,,
-75,-9,1096,,,,
-98,-5,1027,,,,
-129,-10,1131,,,,
-104,-8,953,,,,
-94,-30,1061,,,,
-119,-16,819,,,,
-184,-25,946,,,,
-116,-15,956,,,,
-97,-25,792,,,,
-108,0,1262,,,,
-121,9,937,,,,
-123,9,1183,,,,
-71,3,1013,,,,
-167,1,1147,,,,
-127,-10,1076,,,,
-134,-34,951,,,,
-156,-36,1065,,,,
-142,-16,943,,,,
-106,-27,1075,,,,
-131,-41,1071,,,,
-95,-45,892,,,,
-122,-43,1014,,,,
-157,-54,951,,,,
-155,-55,1036,,,,
-137,-62,965,,,,
-151,-60,981,,,,
-125,-60,1015,,,,
-116,-67,960,,,,
-132,-74,1012,,,,
-129,-82,1020,,,,
-118,-118,985,,,,
-50,-83,986,,,,
30,10,1011,,,,
-24,-35,999,,,,
19,-4,984,,,,
-10,-18,1001,,,,
7,-14,988,,,,
-6,-23,1008,,,,
5,-9,1000,,,,
-12,-18,1002,,,,
-209,-10,1072,,,,
-163,-26,1009,,,,
-81,-25,996,,,,
-6,-13,990,,,,
23,-3,990,,,,
46,-1,992,,,,
39,-7,1026,,,,
2,-8,987,,,,
-5,-19,1015,,,,
-11,-22,1001,,,,
3,-16,998,,,,
-2,-13,1023,,,,
-2,-1,987,,,,
0,-4,1014,,,,
6,-8,1012,,,,
24,0,1009,,,,
53,-1,994,,,,
39,9,1009,,,,
28,6,999,,,,
24,-6,1007,,,,
26,0,1004,,,,
24,-9,991,,,,
23,-11,997,,,,
-9,72,1019,,,,
38,-20,958,,,,
39,-10,993,,,,
1,38,1045,,,,
1,2,951,,,,
-17,-21,1035,,,,
-3,3,987,,,,
63,-9,1006,,,,
25,-2,998,,,,
22,-11,986,,,,
-11,-2,992,,,,
7,-21,998,,,,
13,-26,1014,,,,
38,-38,1003,,,,
55,-52,993,,,,
52,-54,998,,,,
36,-50,1022,,,,
39,-42,997,,,,
25,-45,1007,,,,
21,-34,1000,,,,
23,-28,1000,,,,
9,-25,994,,,,
14,-22,995,,,,
3,-20,997,,,,
10,-18,1004,,,,
4,-21,997,,,,
14,-26,1006,,,,
17,-24,996,,,,
10,-17,1001,,,,
10,-20,1001,,,,
15,-15,1003,,,,
12,-13,998,,,,
16,-12,1003,,,,
12,-16,999,,,,
20,-14,998,,,,
20,-12,1000,,,,
14,-14,994,,,,
10,-15,1000,,,,
12,-14,995,,,,
11,-9,1003,,,,
2,-10,1001,,,,
1,-13,996,,,,
4,-14,1001,,,,
5,-11,1001,,,,
5,-17,998,,,,
3,-11,996,,,,
2,-6,996,,,,
-1,-14,995,,,,
-2,-12,1001,,,,
-1,-17,1003,,,,
-2,-15,1002,,,,
-2,-19,1001,,,,
0,-21,996,,,,
-3,-20,998,,,,
7,-13,991,,,,
0,-20,1001,,,,
8,-18,990,,,,
7,-16,994,,,,
6,-10,1002,,,,
13,-14,997,,,,
8,-15,1001,,,,
11,-10,1005,,,,
11,-5,996,,,,
22,0,996,,,,
14,-11,996,,,,
16,-5,998,,,,
17,-5,996,,,,
5,-14,996,,,,
11,-4,1002,,,,
12,0,1002,,,,
12,-6,994,,,,
13,-6,999,,,,
3,-4,996,,,,
14,-9,1001,,,,
15,-19,992,,,,
10,-21,998,,,,
20,-17,998,,,,
17,-15,1000,,,,
18,-11,997,,,,
6,-11,1002,,,,
4,-12,994,,,,
8,-10,1002,,,,
13,-4,1002,,,,
3,-10,999,,,,
11,-13,993,,,,
14,-25,999,,,,
17,-23,1002,,,,
22,-24,998,,,,
14,-27,1006,,,,
9,-28,999,,,,
11,-26,1002,,,,
4,-23,1001,,,,
8,-19,998,,,,
10,-20,996,,,,
3,-24,997,,,,
4,-25,997,,,,
5,-28,1001,,,,
6,-25,998,,,,
3,-22,1000,,,,
4,-22,1001,,,,
13,-22,997,,,,
7,-17,1001,,,,
5,-15,1001,,,,
8,-17,1000,,,,
9,-17,998,,,,
10,-15,998,,,,
7,-16,997,,,,
7,-15,998,,,,
5,-16,999,,,,
10,-14,997,,,,
10,-16,999,,,,
10,-15,1002,,,,
7,-13,1001,,,,
11,-16,997,,,,
9,-12,999,,,,
7,-10,1000,,,,
18,-6,996,,,,
40,14,997,,,,
69,0,986,,,,
27,-5,1000,,,,
7,-23,996,,,,
-10,-21,994,,,,
-16,-20,1006,,,,
-14,-19,999,,,,
5,-12,997,,,,
12,-9,996,,,,
19,-10,997,,,,
28,-5,997,,,,
20,-6,1001,,,,
14,-4,998,,,,
6,-13,994,,,,
-15,-29,1010,,,,
-44,-36,1000,,,,
-24,-28,1001,,,,
-1,-24,997,,,,
6,-15,996,,,,
16,-5,996,,,,
20,-1,996,,,,
26,6,994,,,,
29,-4,997,,,,
23,-11,999,,,,
9,-15,1003,,,,
1,-21,997,,,,
-2,-21,999,,,,
2,-21,996,,,,
0,-19,999,,,,
1,-25,1001,,,,
3,-19,999,,,,
0,-17,1000,,,,
3,-16,1000,,,,
10,-15,1002,,,,
4,-18,1002,,,,
2,-22,998,,,,
0,-25,999,,,,
-2,-22,997,,,,
7,-15,997,,,,
7,-14,997,,,,
6,-16,997,,,,
7,-15,1001,,,,
5,-15,998,,,,
8,-13,1000,,,,
6,-14,998,,,,
10,-15,1003,,,,
7,-9,1002,,,,
9,-12,998,,,,
6,-15,1000,,,,
10,-12,999,,,,
8,-13,998,,,,
9,-17,1000,,,,
9,-15,999,,,,
8,-19,1003,,,,
7,-16,997,,,,
5,-14,995,,,,
10,-13,998,,,,
7,-17,1001,,,,
6,-15,999,,,,
7,-14,1002,,,,
11,-11,997,,,,
7,-14,998,,,,
6,-17,1001,,,,
5,-14,997,,,,
8,-13,998,,,,
0,-16,1004,,,,
11,-21,992,,,,
11,-9,996,,,,
8,-17,998,,,,
9,-13,1001,,,,
8,-15,1001,,,,
6,-14,1000,,,,
5,-13,998,,,,
8,-13,1000,,,,
8,-15,1001,,,,
8,-14,999,,,,
6,-13,1000,,,,
11,-16,996,,,,
10,-18,995,,,,
10,-11,998,,,,
6,-14,995,,,,
9,-11,996,,,,
4,-14,998,,,,
6,-14,1001,,,,
7,-13,997,,,,
9,-12,1000,,,,
8,-15,1002,,,,
11,-14,1001,,,,
7,-15,998,,,,
9,-12,1001,,,,
8,-12,1000,,,,
5,-12,997,,,,
8,-15,1002,,,,
7,-14,1000,,,,
7,-14,1001,,,,
5,-12,999,,,,
9,-12,1000,,,,
7,-15,1003,,,,
10,-18,997,,,,
6,-17,1001,,,,
7,-13,999,,,,
9,-17,1000,,,,
10,-14,999,,,,
5,-13,1006,,,,
1,-13,1002,,,,
13,-11,996,,,,
1,-20,995,,,,
19,-16,1003,,,,
4,-17,1005,,,,
11,-9,1000,,,,
-6,-19,999,,,,
12,-13,998,,,,
3,-12,1002,,,,
14,-12,999,,,,
5,-14,997,,,,
4,-11,1003,,,,
10,-14,999,,,,
4,-18,996,,,,
-11,12,1022,,,,
36,-19,978,,,,
9,-26,988,,,,
-1,-8,994,,,,
10,-24,996,,,,
1,-8,1004,,,,
17,-21,1009,,,,
7,-20,990,,,,
43,-42,1008,,,,
77,-66,1002,,,,
51,-61,1008,,,,
9,-28,1012,,,,
-20,-10,1029,,,,
-25,-1,1010,,,,
-14,-6,1003,,,,
-6,-2,998,,,,
-22,10,1036,,,,
-22,33,1090,,,,
-13,35,1105,,,,
28,30,1089,,,,
-10,1,698,,,,
-12,-41,697,,,,
37,-77,693,,,,
-47,-46,908,,,,
90,-112,1315,,,,
36,-91,331,,,,
23,9,1320,,,,
35,-19,1092,,,,
57,-85,136,,,,
-8,-45,661,,,,
32,-70,717,,,,
-1,-47,1350,,,,
37,-52,661,,,,
6,-32,1564,,,,
66,-49,741,,,,
51,-31,1176,,,,
80,-43,758,,,,
40,-23,1317,,,,
80,-37,775,,,,
24,-21,1349,,,,
65,-38,791,,,,
33,-30,1251,,,,
49,-39,856,,,,
41,-33,1143,,,,
54,-35,957,,,,
31,-31,1129,,,,
38,-25,914,,,,
36,-34,999,,,,
39,-30,1008,,,,
33,-19,980,,,,
44,-25,1077,,,,
36,-17,940,,,,
40,-28,876,,,,
51,-25,888,,,,
27,-30,1063,,,,
37,-20,854,,,,
28,-15,1186,,,,
48,-15,893,,,,
19,-23,1049,,,,
41,-19,809,,,,
36,-3,1066,,,,
42,-7,924,,,,
24,-14,1138,,,,
47,-23,833,,,,
-5,-22,1133,,,,
33,-23,821,,,,
49,-15,969,,,,
14,-9,1122,,,,
51,-24,934,,,,
30,-8,1053,,,,
16,-13,1090,,,,
54,-3,994,,,,
31,-4,1213,,,,
12,4,1259,,,,
44,-3,908,,,,
19,-13,1096,,,,
35,-1,1064,,,,
-6,-4,1272,,,,
20,-11,1064,,,,
35,-10,936,,,,
18,-1,1336,,,,
39,-10,924,,,,
15,-10,1004,,,,
8,-24,1025,,,,
45,3,972,,,,
35,-2,1011,,,,
19,-21,972,,,,
-6,-22,920,,,,
14,-13,822,,,,
17,-17,957,,,,
-13,-13,1118,,,,
6,-16,819,,,,
11,-31,874,,,,
2,-20,1068,,,,
-3,-25,1001,,,,
27,-34,839,,,,
-2,-20,1127,,,,
-4,-27,1258,,,,
0,-33,1038,,,,
4,-26,743,,,,
1,-19,1092,,,,
-2,-13,893,,,,
-13,-15,1035,,,,
22,-16,782,,,,
4,5,909,,,,
-5,6,1216,,,,
14,1,1144,,,,
33,-10,992,,,,
8,-1,944,,,,
7,1,969,,,,
17,-17,1037,,,,
0,-21,839,,,,
16,-24,884,,,,
0,-20,1053,,,,
-5,-26,985,,,,
9,-17,841,,,,
10,-22,946,,,,
-11,-14,892,,,,
4,-28,1036,,,,
-15,-33,827,,,,
-27,-49,751,,,,
0,-38,1215,,,,
3,-35,941,,,,
-18,-44,868,,,,
-5,-12,1158,,,,
7,-27,753,,,,
5,-17,639,,,,
-2,-16,1040,,,,
2,-11,942,,,,
1,1,786,,,,
8,-4,1040,,,,
5,-5,921,,,,
16,-16,856,,,,
-7,-15,955,,,,
12,-29,1059,,,,
-1,-31,769,,,,
23,-21,792,,,,
0,-26,1106,,,,
1,-27,936,,,,
16,-25,736,,,,
-14,-13,870,,,,
-13,-10,1033,,,,
-6,-9,898,,,,
-9,-9,863,,,,
-14,-12,923,,,,
-3,-14,858,,,,
-18,-12,900,,,,
-15,0,1065,,,,
7,-4,952,,,,
-8,-12,879,,,,
-14,-11,1032,,,,
-7,9,957,,,,
19,6,816,,,,
-11,-25,963,,,,
-21,-19,919,,,,
-34,18,940,,,,
16,29,982,,,,
-18,6,1023,,,,
-45,-11,1001,,,,
-11,-5,988,,,,
-6,8,1064,,,,
-23,22,1053,,,,
-5,36,1086,,,,
-4,1,1009,,,,
-44,-7,949,,,,
-59,-5,1075,,,,
-19,19,1106,,,,
32,45,999,,,,
-12,5,999,,,,
-71,-15,1011,,,,
-53,1,980,,,,
-7,49,1041,,,,
-7,54,1017,,,,
-4,26,998,,,,
-48,-15,976,,,,
-63,-17,938,,,,
-25,12,968,,,,
6,33,1010,,,,
4,24,1030,,,,
-34,0,1007,,,,
-55,-11,981,,,,
-42,7,990,,,,
-18,26,1013,,,,
-15,31,1022,,,,
-25,19,1007,,,,
-40,6,984,,,,
-39,6,983,,,,
-18,16,1006,,,,
20,-23,1007,,,,
-8,-15,981,,,,
17,-20,997,,,,
7,-10,1002,,,,
0,-15,1004,,,,
13,-17,988,,,,
7,-16,996,,,,
3,-16,1006,,,,
11,-9,992,,,,
8,-18,997,,,,
-1,-12,996,,,,
11,-14,1004,,,,
2,-15,994,,,,
10,-19,997,,,,
5,-12,996,,,,
2,-17,1004,,,,
4,-13,998,,,,
11,-13,1001,,,,
8,-11,1001,,,,
6,-15,1000,,,,
13,-14,999,,,,
3,-12,1002,,,,
12,-17,1001,,,,
7,-14,996,,,,
9,-16,1004,,,,
10,-11,992,,,,
6,-16,1001,,,,
4,-18,1000,,,,
10,-12,999,,,,
6,-18,996,,,,
7,-18,998,,,,
5,-13,998,,,,
10,-13,1002,,,,
4,-13,997,,,,
6,-18,999,,,,
4,-13,998,,,,
6,-17,996,,,,
7,-12,1000,,,,
5,-13,999,,,,
6,-16,1000,,,,
6,-12,997,,,,
8,-16,997,,,,
9,-16,996,,,,
8,-14,1002,,,,
3,-16,998,,,,
10,-14,998,,,,
10,-15,1001,,,,
6,-15,996,,,,
7,-15,999,,,,
9,-14,1000,,,,
5,-13,1003,,,,
7,-13,999,,,,
9,-10,996,,,,
7,-15,999,,,,
5,-15,1002,,,,
7,-15,1000,,,,
9,-14,999,,,,
5,-14,995,,,,
7,-15,1003,,,,
10,-17,1001,,,,
7,-13,997,,,,
7,-17,999,,,,
4,-15,1000,,,,
7,-14,998,,,,
13,-12,995,,,,
5,-15,996,,,,
4,-15,1002,,,,
8,-14,1005,,,,
10,-10,1000,,,,
4,-13,1004,,,,
7,-16,998,,,,
5,-15,1002,,,,
6,-15,996,,,,
5,-15,991,,,,
9,-15,998,,,,
5,-11,996,,,,
2,-13,993,,,,
8,-13,1002,,,,
7,-13,1004,,,,
12,-15,998,,,,
2,-17,999,,,,
9,-16,997,,,,
8,-15,998,,,,
5,-12,998,,,,
7,-15,996,,,,
9,-19,998,,,,
9,-18,999,,,,
6,-17,996,,,,
9,-18,1001,,,,
10,-12,995,,,,
7,-16,998,,,,
8,-15,1000,,,,
11,-16,998,,,,
6,-15,998,,,,
8,-15,1000,,,,
5,-14,999,,,,
8,-13,993,,,,
6,-15,998,,,,
7,-15,998,,,,
2,-17,999,,,,
11,-15,998,,,,
5,-16,1001,,,,
6,-14,999,,,,
12,-15,997,,,,
6,-15,994,,,,
6,-15,997,,,,
5,-13,1001,,,,
6,-15,996,,,,
7,-16,998,,,,
10,-18,997,,,,
6,-15,998,,,,
3,-15,1001,,,,
8,-15,999,,,,
4,-14,1002,,,,
6,-16,997,,,,
5,-18,994,,,,
8,-16,997,,,,
5,-11,999,,,,
6,-18,996,,,,
4,-15,998,,,,
10,-16,999,,,,
6,-15,1000,,,,
4,-15,999,,,,
6,-13,997,,,,
6,-14,997,,,,
8,-18,1000,,,,
6,-16,1000,,,,
6,-15,997,,,,
9,-16,999,,,,
4,-14,995,,,,
5,-14,999,,,,
6,-11,997,,,,
6,-15,997,,,,
9,-15,999,,,,
6,-15,997,,,,
6,-15,996,,,,
9,-16,995,,,,
9,-15,998,,,,
8,-14,1001,,,,
8,-16,996,,,,
5,-17,994,,,,
9,-17,998,,,,
5,-14,997,,,,
6,-14,996,,,,
5,-17,999,,,,
4,-17,997,,,,
9,-15,997,,,,
3,-15,996,,,,
6,-15,997,,,,
6,-15,1002,,,,
5,-13,996,,,,
6,-11,995,,,,
8,-15,1000,,,,
5,-15,1003,,,,
6,-16,994,,,,
6,-17,996,,,,
3,-13,996,,,,
9,-19,995,,,,
5,-17,1000,,,,
10,-14,997,,,,
9,-13,996,,,,
4,-17,999,,,,
8,-13,997,,,,
7,-14,997,,,,
10,-16,999,,,,
4,-13,1001,,,,
10,-15,997,,,,
6,-14,992,,,,
7,-13,1001,,,,
7,-12,999,,,,
7,-18,1001,,,,
7,-13,997,,,,
8,-16,1001,,,,
5,-16,995,,,,
5,-13,993,,,,
4,-15,995,,,,
4,-17,997,,,,
6,-16,993,,,,
8,-13,995,,,,
8,-16,997,,,,
7,-16,997,,,,
2,-16,1002,,,,
7,-16,1000,,,,
7,-14,995,,,,
10,-16,998,,,,
5,-16,995,,,,
3,-16,995,,,,
4,-14,994,,,,
5,-19,998,,,,
7,-15,995,,,,
6,-12,996,,,,
8,-15,998,,,,
6,-14,997,,,,
8,-15,1000,,,,
5,-17,996,,,,
9,-19,999,,,,
10,-13,999,,,,
7,-17,997,,,,
8,-14,998,,,,
5,-16,997,,,,
3,-15,994,,,,
10,-16,993,,,,
8,-15,996,,,,
10,-15,997,,,,
8,-16,1002,,,,
7,-18,996,,,,
7,-13,999,,,,
8,-17,1003,,,,
5,-16,1001,,,,
7,-13,1000,,,,
7,-13,996,,,,
8,-12,998,,,,
6,-16,1000,,,,
7,-16,996,,,,
4,-14,996,,,,
6,-15,1001,,,,
9,-15,1002,,,,
5,-13,997,,,,
4,-13,996,,,,
11,-15,998,,,,
7,-13,994,,,,
7,-13,993,,,,
7,-15,997,,,,
4,-16,998,,,,
7,-13,994,,,,
4,-17,996,,,,
6,-13,995,,,,
4,-13,1001,,,,
3,-16,996,,,,
7,-15,994,,,,
9,-16,999,,,,
4,-14,994,,,,
7,-15,999,,,,
5,-15,996,,,,
10,-12,997,,,,
4,-15,997,,,,
5,-14,1000,,,,
8,-14,994,,,,
9,-15,1000,,,,
6,-14,1001,,,,
7,-14,997,,,,
8,-14,996,,,,
9,-14,995,,,,
5,-14,996,,,,
6,-10,1003,,,,
7,-18,997,,,,
7,-17,1001,,,,
7,-17,999,,,,
7,-15,994,,,,
4,-13,995,,,,
7,-14,1000,,,,
10,-16,999,,,,
3,-17,996,,,,
7,-15,997,,,,
7,-16,996,,,,
8,-15,997,,,,
6,-15,996,,,,
4,-16,996,,,,
8,-15,997,,,,
9,-14,998,,,,
4,-12,996,,,,
6,-16,995,,,,
14,-14,1000,,,,
5,-15,997,,,,
6,-16,999,,,,
11,-17,996,,,,
10,-15,996,,,,
6,-16,1000,,,,
7,-14,997,,,,
10,-18,991,,,,
6,-14,997,,,,
3,-14,997,,,,
6,-16,997,,,,
5,-13,996,,,,
10,-17,998,,,,
9,-17,1000,,,,
7,-15,998,,,,
8,-16,994,,,,
6,-16,1000,,,,
3,-15,999,,,,
6,-13,996,,,,
6,-12,992,,,,
9,-15,997,,,,
8,-17,993,,,,
8,-16,995,,,,
5,-14,1001,,,,
10,-15,999,,,,
8,-16,998,,,,
6,-15,995,,,,
8,-13,994,,,,
7,-12,998,,,,
5,-18,997,,,,
6,-16,995,,,,
6,-14,994,,,,
7,-16,995,,,,
4,-16,998,,,,
6,-14,994,,,,
7,-14,997,,,,
3,-16,1001,,,,
8,-16,1002,,,,
6,-18,991,,,,
9,-15,991,,,,
5,-16,998,,,,
7,-17,999,,,,
8,-17,995,,,,
8,-15,996,,,,
10,-14,996,,,,
7,-15,999,,,,
10,-15,1001,,,,
5,-15,1000,,,,
9,-13,1000,,,,
5,-17,998,,,,
6,-12,993,,,,
6,-18,994,,,,
7,-16,994,,,,
5,-13,993,,,,
10,-13,994,,,,
4,-13,998,,,,
7,-16,997,,,,
5,-15,998,,,,
5,-14,996,,,,
8,-16,994,,,,
10,-15,995,,,,
6,-17,1000,,,,
5,-15,995,,,,
5,-15,994,,,,
6,-16,995,,,,
5,-14,993,,,,
12,-15,993,,,,
7,-18,1000,,,,
4,-13,999,,,,
7,-14,993,,,,
10,-13,994,,,,
7,-15,998,,,,
6,-18,1000,,,,
6,-18,996,,,,
10,-16,996,,,,
9,-18,993,,,,
6,-16,995,,,,
6,-16,997,,,,
5,-11,992,,,,
4,-17,1001,,,,
4,-14,997,,,,
4,-16,990,,,,
4,-15,998,,,,
9,-16,993,,,,
7,-16,996,,,,
5,-14,996,,,,
7,-15,996,,,,
8,-16,993,,,,
5,-15,999,,,,
4,-12,995,,,,
10,-11,995,,,,
6,-19,997,,,,
9,-14,1000,,,,
10,-15,998,,,,
